<?xml version="1.0" encoding="UTF-8"?><rss version="2.0"
	xmlns:content="http://purl.org/rss/1.0/modules/content/"
	xmlns:wfw="http://wellformedweb.org/CommentAPI/"
	xmlns:dc="http://purl.org/dc/elements/1.1/"
	xmlns:atom="http://www.w3.org/2005/Atom"
	xmlns:sy="http://purl.org/rss/1.0/modules/syndication/"
	xmlns:slash="http://purl.org/rss/1.0/modules/slash/"
	>

<channel>
	<title>Cửa hàng &#8211; Miasalepubg</title>
	<atom:link href="/cua-hang/feed/" rel="self" type="application/rss+xml" />
	<link></link>
	<description>Acc rẻ cho mọi nhà</description>
	<lastBuildDate>Mon, 01 Jan 2024 20:58:30 +0000</lastBuildDate>
	<language>vi</language>
	<sy:updatePeriod>
	hourly	</sy:updatePeriod>
	<sy:updateFrequency>
	1	</sy:updateFrequency>
	<generator>https://wordpress.org/?v=6.4.2</generator>
	<item>
		<title>acc pubg 500k</title>
		<link>/san-pham/acc-pubg-500k/</link>
					<comments>/san-pham/acc-pubg-500k/#respond</comments>
		
		<dc:creator><![CDATA[martin]]></dc:creator>
		<pubDate>Mon, 01 Jan 2024 20:55:42 +0000</pubDate>
				<guid isPermaLink="false">/?post_type=product#038;p=15</guid>

					<description><![CDATA[acc pubg 500k]]></description>
										<content:encoded><![CDATA[acc pubg 500k]]></content:encoded>
					
					<wfw:commentRss>/san-pham/acc-pubg-500k/feed/</wfw:commentRss>
			<slash:comments>0</slash:comments>
		
		
			</item>
	</channel>
</rss>
