<?xml version="1.0" encoding="UTF-8"?><rss version="2.0"
	xmlns:content="http://purl.org/rss/1.0/modules/content/"
	xmlns:dc="http://purl.org/dc/elements/1.1/"
	xmlns:atom="http://www.w3.org/2005/Atom"
	xmlns:sy="http://purl.org/rss/1.0/modules/syndication/"
	
	>
<channel>
	<title>
	Các phản hồi luận về: acc pubg 500k	</title>
	<atom:link href="/san-pham/acc-pubg-500k/feed/" rel="self" type="application/rss+xml" />
	<link>/san-pham/acc-pubg-500k/</link>
	<description>Acc rẻ cho mọi nhà</description>
	<lastBuildDate>Mon, 01 Jan 2024 20:58:30 +0000</lastBuildDate>
	<sy:updatePeriod>
	hourly	</sy:updatePeriod>
	<sy:updateFrequency>
	1	</sy:updateFrequency>
	<generator>https://wordpress.org/?v=6.4.2</generator>
</channel>
</rss>
